{
    "utterances": [
        {
            "text": "\"Do you have any details that might help? Anything you remember could help us.\"",
            "entities": [],
            "traits": [],
            "intent": "Guard_Flee_4"
        },
        {
            "text": "\"I did like to follow up later; may I have your contact information?\"",
            "entities": [],
            "traits": [],
            "intent": "Guard_Flee_8"
        },
        {
            "text": "\"I would like to follow up later; may I have your contact information?\"",
            "entities": [],
            "traits": [],
            "intent": "Guard_Flee_8"
        },
        {
            "text": "\"I'd like to follow up later; may I have your contact information?\"",
            "entities": [],
            "traits": [],
            "intent": "Guard_Flee_8"
        },
        {
            "text": "Absolute silence is key right now. Even whispers can reveal your location",
            "entities": [],
            "traits": [],
            "intent": "Guard_BY1_14"
        },
        {
            "text": "Alright, listen up. We're in a scary situation, no kidding. So, if you can manage not to freak out, we might just make it out of here.",
            "entities": [],
            "traits": [],
            "intent": "Guard_BY1_7"
        },
        {
            "text": "Are you experiencing any pain or discomfort?",
            "entities": [],
            "traits": [],
            "intent": "Guard_Victim3_2"
        },
        {
            "text": "Are you feeling pain anywhere else?",
            "entities": [],
            "traits": [],
            "intent": "Guard_Victim2_3"
        },
        {
            "text": "Are you hurt",
            "entities": [],
            "traits": [],
            "intent": "Are_you_hurt"
        },
        {
            "text": "Are you hurt? Are you capable to move on your own?",
            "entities": [],
            "traits": [],
            "intent": "Guard_Bystander_9"
        },
        {
            "text": "Are you trying to get inside to find someone? I understand, but it's not safe right now.",
            "entities": [],
            "traits": [],
            "intent": "Guard_Insis_2"
        },
        {
            "text": "Call your wife. She can drive you to the hospital; you'll need someone to take you there.",
            "entities": [],
            "traits": [],
            "intent": "Guard_Victim2_9"
        },
        {
            "text": "Calm down right now We can't have this disruption.",
            "entities": [],
            "traits": [],
            "intent": "Guard_Man_Dialouge15"
        },
        {
            "text": "Calm down, let's not overreact. Can we talk about something else?",
            "entities": [],
            "traits": [],
            "intent": "Guard_Man_Dialouge1"
        },
        {
            "text": "Calm down. We don't have time for panic.",
            "entities": [],
            "traits": [],
            "intent": "Guard_BY1_17"
        },
        {
            "text": "Can you apply pressure here while I look for help?",
            "entities": [],
            "traits": [],
            "intent": "Guard_Victim2_6"
        },
        {
            "text": "Can you follow me to a designated safe area?",
            "entities": [],
            "traits": [],
            "intent": "Guard_Victim3_8"
        },
        {
            "text": "Can you move somewhere else?",
            "entities": [],
            "traits": [],
            "intent": "Guard_Victim1_7"
        },
        {
            "text": "Can you tell me anything about what you saw? It could be crucial for our response.",
            "entities": [],
            "traits": [],
            "intent": "Guard_Flee_6"
        },
        {
            "text": "Can you tell me exactly where it hurts?",
            "entities": [],
            "traits": [],
            "intent": "Guard_Victim2_1"
        },
        {
            "text": "Can you tell me if you saw what happened?",
            "entities": [],
            "traits": [],
            "intent": "Guard_Victim3_3"
        },
        {
            "text": "Can you tell me where you are right now?",
            "entities": [],
            "traits": [],
            "intent": "Guard_Victim1_2"
        },
        {
            "text": "Can you walk?",
            "entities": [],
            "traits": [],
            "intent": "Guard_Victim1_6"
        },
        {
            "text": "Certainly, we have a detailed map available. I will make sure it's provided to your team.",
            "entities": [],
            "traits": [],
            "intent": "Guard_Law_8"
        },
        {
            "text": "Come on, you can do it. Do not stay in that area, it's not safe.",
            "entities": [],
            "traits": [],
            "intent": "Guard_Bystander_12"
        },
        {
            "text": "Come on, you should get outta here! The shooter might see you! Do not waste time!",
            "entities": [],
            "traits": [],
            "intent": "Guard_Bystander_11"
        },
        {
            "text": "Continuing this way won't help Let's find another way.",
            "entities": [],
            "traits": [],
            "intent": "Guard_Man_Dialouge7"
        },
        {
            "text": "Deep breaths. Stay calm and focus on my voice. We will get through this together.",
            "entities": [],
            "traits": [],
            "intent": "Guard_BY1_18"
        },
        {
            "text": "Did you guys know the shooter?",
            "entities": [],
            "traits": [],
            "intent": "Guard_Victim3_4"
        },
        {
            "text": "Do you know what happened to you?",
            "entities": [],
            "traits": [],
            "intent": "Guard_Victim1_3"
        },
        {
            "text": "Don't panic, just stay put and wait for further instructions.",
            "entities": [],
            "traits": [],
            "intent": "Guard_BY2_9"
        },
        {
            "text": "Don't worry, I'm a professional. Just follow my instructions and you'll be fine.",
            "entities": [],
            "traits": [],
            "intent": "Guard_BY1_2"
        },
        {
            "text": "Everything is under control.",
            "entities": [],
            "traits": [],
            "intent": "Guard_Victim3_6"
        },
        {
            "text": "Everything will be alright. Just stay calm and be as quiet as you can.",
            "entities": [],
            "traits": [],
            "intent": "Guard_BY1_17"
        },
        {
            "text": "Everything will be fine, don't worry about it.",
            "entities": [],
            "traits": [],
            "intent": "Guard_Bystander_5"
        },
        {
            "text": "Find a hiding place immediately stay silent and motionless Your safety is priority.",
            "entities": [],
            "traits": [],
            "intent": "Guard_BY1_12"
        },
        {
            "text": "Find a place where you're completely hidden from view and remain there as still as possible.",
            "entities": [],
            "traits": [],
            "intent": "Guard_BY2_4"
        },
        {
            "text": "Focus on my voice, and we will make this next step together. Can you stand?",
            "entities": [],
            "traits": [],
            "intent": "Guard_Bystander_8"
        },
        {
            "text": "For your own safety please step out of the diner",
            "entities": [],
            "traits": [],
            "intent": "Guard_Bystander_2"
        },
        {
            "text": "For your safety, we should split up. You two go to the back room, and I'll check the front.",
            "entities": [],
            "traits": [],
            "intent": "Guard_BY1_5"
        },
        {
            "text": "Give me your contact details before you go.",
            "entities": [],
            "traits": [],
            "intent": "Guard_Flee_9"
        },
        {
            "text": "Go on, seek shelter beneath the food display counter",
            "entities": [],
            "traits": [],
            "intent": "Guard_BY2_6"
        },
        {
            "text": "Have you tried to stand or walk?",
            "entities": [],
            "traits": [],
            "intent": "Guard_Victim2_2"
        },
        {
            "text": "Head to the exit or whatever, just go wherever and figure it out yourselves. I have got things to do.",
            "entities": [],
            "traits": [],
            "intent": "Guard_Victim3_9"
        },
        {
            "text": "Head to the exit, I guess. Someone else will probably tell you what to do. Iam just here, you know?",
            "entities": [],
            "traits": [],
            "intent": "Guard_Victim3_8"
        },
        {
            "text": "Hello. What's up  Remember me I was the Officer who instructed you to run out and proceed to the triage area.",
            "entities": [],
            "traits": [],
            "intent": "Guard_Victim2_11"
        },
        {
            "text": "Help is on the way, and you're safe with me.",
            "entities": [],
            "traits": [],
            "intent": "Guard_Victim1_4"
        },
        {
            "text": "Here are some tissues I picked up from the restaurant, do what you can with these, and move along, we are pretty busy right now.",
            "entities": [],
            "traits": [],
            "intent": "Guard_Victim1_4"
        },
        {
            "text": "Hey I'm a Security Officer. Is everyone ok",
            "entities": [],
            "traits": [],
            "intent": "Guard_BY1_1"
        },
        {
            "text": "Hey come on, let's get you to safety.",
            "entities": [],
            "traits": [],
            "intent": "Guard_Bystander_6"
        },
        {
            "text": "Hey hey hey Stop Where did you come from?",
            "entities": [],
            "traits": [],
            "intent": "Guard_Victim3_3"
        },
        {
            "text": "Hey miss You can now head towards the exit, we've already caught the shooter.",
            "entities": [],
            "traits": [],
            "intent": "Guard_Victim1_3"
        },
        {
            "text": "Hey there, how are you holding up?",
            "entities": [],
            "traits": [],
            "intent": "Guard_Victim2_10"
        },
        {
            "text": "Hey you Stop right there You were told to go to the assembly area and wait for the cops Why are you trying to bail",
            "entities": [],
            "traits": [],
            "intent": "Guard_Flee_2"
        },
        {
            "text": "Hey you need to calm down what happened",
            "entities": [],
            "traits": [],
            "intent": "Guard_Women_Dialouge2"
        },
        {
            "text": "Hey! What are you doing there? Why aren't you trying to run?",
            "entities": [],
            "traits": [],
            "intent": "Guard_BY1_2"
        },
        {
            "text": "Hey, are you ok? I'm a Security Officer here to help you. I'm trained to help in emergencies. Can I assist you?",
            "entities": [],
            "traits": [],
            "intent": "Guard_Bystander_5"
        },
        {
            "text": "Hey, man What's the problem with your leg",
            "entities": [],
            "traits": [],
            "intent": "Guard_Victim2_1"
        },
        {
            "text": "Hey, so you did see the security personnel already. What did they say?",
            "entities": [],
            "traits": [],
            "intent": "Guard_Victim2_12"
        },
        {
            "text": "Hey, what's wrong with you?",
            "entities": [],
            "traits": [],
            "intent": "Guard_Bystander_4"
        },
        {
            "text": "Hey, you need to calm down. What happened?",
            "entities": [],
            "traits": [],
            "intent": "Guard_Women_Dialouge2"
        },
        {
            "text": "Hey. How are you two holding up?",
            "entities": [],
            "traits": [],
            "intent": "Guard_BY1_3"
        },
        {
            "text": "Hide between the fryer and the stove, with a solid wall at your back. I believe it's a secure location.",
            "entities": [],
            "traits": [],
            "intent": "Guard_BY1_13"
        },
        {
            "text": "Hide wherever you can, but try to stay calm.",
            "entities": [],
            "traits": [],
            "intent": "Guard_BY1_11"
        },
        {
            "text": "Honestly, it's people like you that make my job so difficult. Can't you just keep your personal drama out of public places?",
            "entities": [],
            "traits": [],
            "intent": "Guard_Women_Dialouge9"
        },
        {
            "text": "How about we find a quiet place where you can sit, have a glass of water, and take a few moments to compose yourself?",
            "entities": [],
            "traits": [],
            "intent": "Guard_Women_Dialouge8"
        },
        {
            "text": "I can guide you in finding a way out of this place",
            "entities": [],
            "traits": [],
            "intent": "Guard_Bystander_7"
        },
        {
            "text": "I can lead you to the emergency exit; I've already assisted others in safely exiting.",
            "entities": [],
            "traits": [],
            "intent": "Guard_Bystander_8"
        },
        {
            "text": "I can only imagine how scary that must have been. Iam here to support you; you are safe now. The medical team is almost here to take care of everyone.",
            "entities": [],
            "traits": [],
            "intent": "Guard_Victim2_15"
        },
        {
            "text": "I can see you're upset and it's justified. Let's resolve this together and find a way forward.",
            "entities": [],
            "traits": [],
            "intent": "Guard_Man_Dialouge2"
        },
        {
            "text": "I found good hiding spots where we can stay hidden until help arrives. We just have to remain concealed until assistance arrives.",
            "entities": [],
            "traits": [],
            "intent": "Guard_BY1_6"
        },
        {
            "text": "I know how you feel. It's okay to feel shaken up. This kind of thing isn't easy for anyone.",
            "entities": [],
            "traits": [],
            "intent": "Guard_Victim2_16"
        },
        {
            "text": "I know it's a lot to process but we should be out of here in no time.",
            "entities": [],
            "traits": [],
            "intent": "Guard_BY1_8"
        },
        {
            "text": "I know this is hard, but we need to stay calm. What do you remember about the incident?",
            "entities": [],
            "traits": [],
            "intent": "Guard_Bystander_9"
        },
        {
            "text": "I need to keep this area secure, but I'll note your concern and ensure it's passed on.",
            "entities": [],
            "traits": [],
            "intent": "Guard_Insis_9"
        },
        {
            "text": "I need you both to stay very still and quiet in this spot while I assess the area. Your safety is crucial.",
            "entities": [],
            "traits": [],
            "intent": "Guard_BY1_9"
        },
        {
            "text": "I need you to keep your leg still while I apply pressure to stop the bleeding.",
            "entities": [],
            "traits": [],
            "intent": "Guard_Victim2_4"
        },
        {
            "text": "I presume that the CCTV got the whole incident. Just get a copy from our tech guy.",
            "entities": [],
            "traits": [],
            "intent": "Guard_Law_6"
        },
        {
            "text": "I promise we're doing everything we can to help everyone inside, including your sister.",
            "entities": [],
            "traits": [],
            "intent": "Guard_Insis_5"
        },
        {
            "text": "I understand that you are worried about your husband, and I want to assure you that we're doing everything we can to handle the situation.",
            "entities": [],
            "traits": [],
            "intent": "Guard_Insis_3"
        },
        {
            "text": "I understand this can be a frightening situation, but I can only assist you if you're willing to take action for yourself. It's crucial to act now.",
            "entities": [],
            "traits": [],
            "intent": "Guard_BY1_4"
        },
        {
            "text": "I understand this has been a traumatic experience but for the investigation, we need you to go to the assembly area and wait for law enforcement Can I ask you a few questions first",
            "entities": [],
            "traits": [],
            "intent": "Guard_Flee_1"
        },
        {
            "text": "I understand this is hard. I'm here with you, and we have help on the way.",
            "entities": [],
            "traits": [],
            "intent": "Guard_Flee_4"
        },
        {
            "text": "I understand you're upset. Let's talk and work through what's bothering you.",
            "entities": [],
            "traits": [],
            "intent": "Guard_Man_Dialouge13"
        },
        {
            "text": "I understand your frustration Let's find a way to resolve this together.",
            "entities": [],
            "traits": [],
            "intent": "Guard_Man_Dialouge1"
        },
        {
            "text": "I would like to follow up later; may I have your contact information?",
            "entities": [],
            "traits": [],
            "intent": "Guard_Flee_8"
        },
        {
            "text": "I'll just leave you here if you don't want to move. This is not a safe place to hide.",
            "entities": [],
            "traits": [],
            "intent": "Guard_BY1_5"
        },
        {
            "text": "I'll scout ahead. You two find separate hiding spots nearby and stay out of sight.",
            "entities": [],
            "traits": [],
            "intent": "Guard_BY1_6"
        },
        {
            "text": "I'm coming back for you once it's safe. Just stay there and don't make a noise.",
            "entities": [],
            "traits": [],
            "intent": "Guard_BY2_9"
        },
        {
            "text": "I'm glad you both are okay. We have emergency services on their way, but right now, I need you to head towards the exit calmly. There will be some officers directing people outside towards the assembly area. I will be right behind you to make sure you're ok.",
            "entities": [],
            "traits": [],
            "intent": "Guard_Victim3_7"
        },
        {
            "text": "I'm glad you're alive. Can you move and sit down somewhere Maybe on that bench there",
            "entities": [],
            "traits": [],
            "intent": "Guard_Victim1_2"
        },
        {
            "text": "I'm here for you and ready to listen. Tell me everything, and we'll figure this out together.",
            "entities": [],
            "traits": [],
            "intent": "Guard_Man_Dialouge9"
        },
        {
            "text": "I'm here to assist you Let's focus on finding a solution",
            "entities": [],
            "traits": [],
            "intent": "Guard_Man_Dialouge5"
        },
        {
            "text": "I'm here to help Can we discuss this calmly",
            "entities": [],
            "traits": [],
            "intent": "Guard_Man_Dialouge3"
        },
        {
            "text": "I'm here to keep you safe, and help is on the way. Let's stay focused and calm together.",
            "entities": [],
            "traits": [],
            "intent": "Guard_BY1_3"
        },
        {
            "text": "I'm just trying to do my job here. I understand you're upset, but this is a diner and not the place for this kind of scene.",
            "entities": [],
            "traits": [],
            "intent": "Guard_Women_Dialouge7"
        },
        {
            "text": "I'm not sure why you're so worked up. This seems like an overreaction.",
            "entities": [],
            "traits": [],
            "intent": "Guard_Man_Dialouge4"
        },
        {
            "text": "I'm right here with you, and we're going to get through this together safely. Tell me your name.",
            "entities": [],
            "traits": [],
            "intent": "Guard_Bystander_6"
        },
        {
            "text": "I'm sorry, but for your own safety, I can't let you enter right now. Can we find a safe spot over here?",
            "entities": [],
            "traits": [],
            "intent": "Guard_Insis_1"
        },
        {
            "text": "I'm trained for these situations. Let's focus on resolving the issue at hand together.",
            "entities": [],
            "traits": [],
            "intent": "Guard_Man_Dialouge10"
        },
        {
            "text": "I've located a spot for you to hide in that food stall.",
            "entities": [],
            "traits": [],
            "intent": "Guard_BY1_10"
        },
        {
            "text": "Iam neutral in this situation. How about we sit down and you can tell me more?",
            "entities": [],
            "traits": [],
            "intent": "Guard_Man_Dialouge6"
        },
        {
            "text": "If you have to leave, could you please leave me your name and number for the authorities?",
            "entities": [],
            "traits": [],
            "intent": "Guard_Flee_7"
        },
        {
            "text": "If you need anything water a blanket someone to talk to, I will get someone from the emergency services to do that for you.",
            "entities": [],
            "traits": [],
            "intent": "Guard_Victim1_7"
        },
        {
            "text": "If you want to get out, you should make a dash for the left door now",
            "entities": [],
            "traits": [],
            "intent": "Guard_Bystander_10"
        },
        {
            "text": "If you're up for it, I can point you the emergency exit, so you get out of here and can have your arms checked by the paramedics.",
            "entities": [],
            "traits": [],
            "intent": "Guard_Bystander_10"
        },
        {
            "text": "Is there anybody else in here",
            "entities": [],
            "traits": [],
            "intent": "Is_there_anybody_else_in_here"
        },
        {
            "text": "Is there anybody here",
            "entities": [],
            "traits": [],
            "intent": "Is_there_anybody_else_in_here"
        },
        {
            "text": "Is there someone you like me to reach out to for you? I can give them a call to let them know you're safe.",
            "entities": [],
            "traits": [],
            "intent": "Guard_Victim2_7"
        },
        {
            "text": "Is there somewhere else you can go to feel safer?",
            "entities": [],
            "traits": [],
            "intent": "Guard_Victim3_7"
        },
        {
            "text": "It looks like you've had a really tough time . If you'd like, we can find a quieter spot to discuss things.",
            "entities": [],
            "traits": [],
            "intent": "Guard_Women_Dialouge6"
        },
        {
            "text": "It seems like the bullet is still inside. I am not supposed to remove it. Let's try and stop the bleeding for now. Put a pressure on that while I look around for something to cover it. I'll be back, don't worry.",
            "entities": [],
            "traits": [],
            "intent": "Guard_Victim2_6"
        },
        {
            "text": "It seems like you're having a tough time. How can we work on this?",
            "entities": [],
            "traits": [],
            "intent": "Guard_Man_Dialouge7"
        },
        {
            "text": "It's a difficult time, but you need to stay back for now.",
            "entities": [],
            "traits": [],
            "intent": "Guard_Insis_6"
        },
        {
            "text": "It's completely normal to feel that way after such a traumatic experience. Your safety is our priority, and we have counselors available to talk to victims. It can be really helpful to share your feelings with someone who can provide support.",
            "entities": [],
            "traits": [],
            "intent": "Guard_Victim1_9"
        },
        {
            "text": "It's completely normal to feel that way after witnessing something like this. You are not alone, though. There are people who can help you through it. I can help you find someone if you're ready. They are trained to provide both physical and emotional support.",
            "entities": [],
            "traits": [],
            "intent": "Guard_Victim2_17"
        },
        {
            "text": "It's essential you tell us anything you know right now.",
            "entities": [],
            "traits": [],
            "intent": "Guard_Flee_5"
        },
        {
            "text": "It's fine, shooter is caught. Do you have any relation with him",
            "entities": [],
            "traits": [],
            "intent": "Guard_Victim3_2"
        },
        {
            "text": "It's fine, shooter's caught. Did you know him?",
            "entities": [],
            "traits": [],
            "intent": "Guard_Victim3_4"
        },
        {
            "text": "It's important that you sit still until I get back. Avoid any noise or sudden movements.",
            "entities": [],
            "traits": [],
            "intent": "Guard_BY1_8"
        },
        {
            "text": "It's my job to make sure no one enters. Can you wait over there?",
            "entities": [],
            "traits": [],
            "intent": "Guard_Insis_7"
        },
        {
            "text": "It's okay to be scared. We're getting this under control.",
            "entities": [],
            "traits": [],
            "intent": "Guard_Flee_5"
        },
        {
            "text": "It's okay to talk softly if you need to.",
            "entities": [],
            "traits": [],
            "intent": "Guard_BY1_13"
        },
        {
            "text": "Just find a spot to hide. You'll be okay",
            "entities": [],
            "traits": [],
            "intent": "Guard_BY2_6"
        },
        {
            "text": "Just quickly but quietly run towards that food stall over there and hide under the food display counter.",
            "entities": [],
            "traits": [],
            "intent": "Guard_BY2_4"
        },
        {
            "text": "Just quietly hide there and I will come back for you once the situation is resolved.",
            "entities": [],
            "traits": [],
            "intent": "Guard_BY2_7"
        },
        {
            "text": "Just relax here I'll be back soon. Try not to move too much.",
            "entities": [],
            "traits": [],
            "intent": "Guard_BY1_7"
        },
        {
            "text": "Just run towards that food stall and hide at the back of the room. Find a spot there and cover your eyes and ears.",
            "entities": [],
            "traits": [],
            "intent": "Guard_BY1_15"
        },
        {
            "text": "Just stay here, you'll be fine.",
            "entities": [],
            "traits": [],
            "intent": "Guard_Victim1_8"
        },
        {
            "text": "Keep noise to a bare minimum, and if you must speak, whisper as softly as possible.",
            "entities": [],
            "traits": [],
            "intent": "Guard_BY1_15"
        },
        {
            "text": "Lady I have already told you no one is allowed inside. Why can't you get that through your head",
            "entities": [],
            "traits": [],
            "intent": "Guard_Insis_2"
        },
        {
            "text": "Let's elevate your leg to slow the bleeding.",
            "entities": [],
            "traits": [],
            "intent": "Guard_Victim2_5"
        },
        {
            "text": "Let's find a safe place away from windows.",
            "entities": [],
            "traits": [],
            "intent": "Guard_Victim1_9"
        },
        {
            "text": "Let's keep noise to a minimum, but if you have to speak, whisper.",
            "entities": [],
            "traits": [],
            "intent": "Guard_BY2_1"
        },
        {
            "text": "Let's take a moment Please explain your side to me.",
            "entities": [],
            "traits": [],
            "intent": "Guard_Man_Dialouge2"
        },
        {
            "text": "Let's take a moment to talk Can we find a quiet place",
            "entities": [],
            "traits": [],
            "intent": "Guard_Man_Dialouge4"
        },
        {
            "text": "Let's take a moment to talk can we a quiet place",
            "entities": [],
            "traits": [],
            "intent": "Guard_Man_Dialouge4"
        },
        {
            "text": "Lets take a moment to talk can we find a quiet place",
            "entities": [],
            "traits": [],
            "intent": "Guard_Man_Dialouge4"
        },
        {
            "text": "Listen carefully, the exit is just to our left. On my mark, run towards the exit as fast as you can, okay?",
            "entities": [],
            "traits": [],
            "intent": "Guard_Bystander_12"
        },
        {
            "text": "Listen carefully, the exit is just to our left. On my mark, we run together, okay?",
            "entities": [],
            "traits": [],
            "intent": "Guard_Bystander_12"
        },
        {
            "text": "Look I get that you are upset but you can't let your personal issues disrupt everyone",
            "entities": [],
            "traits": [],
            "intent": "Guard_Women_Dialouge4"
        },
        {
            "text": "Look at me I'm here to help let's figure this out",
            "entities": [],
            "traits": [],
            "intent": "Guard_Man_Dialouge11"
        },
        {
            "text": "Look just try to be more cooperative ok Did you see anyone else around or notice anything weird before this happened",
            "entities": [],
            "traits": [],
            "intent": "Guard_Flee_4"
        },
        {
            "text": "Look, I get that you're upset, but you can't let your personal issues disrupt everyone else here. Do you need to take a moment outside?",
            "entities": [],
            "traits": [],
            "intent": "Guard_Women_Dialouge4"
        },
        {
            "text": "Look, there are more important issues than this. Let's deal with those first.",
            "entities": [],
            "traits": [],
            "intent": "Guard_Man_Dialouge8"
        },
        {
            "text": "Ma'am, I'm a security officer here. I noticed there's a lot of tension right now. Are you okay? Can we talk calmly about what's happened?",
            "entities": [],
            "traits": [],
            "intent": "Guard_Women_Dialogue1"
        },
        {
            "text": "Ma'am, are you okay Iam a Security Officer. We need to get that injured arm of yours looked at.",
            "entities": [],
            "traits": [],
            "intent": "Guard_Victim1_1"
        },
        {
            "text": "Ma'am, you are being disruptive to everybody else in the resturant, I need you lower your voice and sit down.",
            "entities": [],
            "traits": [],
            "intent": "Guard_Women_Dialouge3"
        },
        {
            "text": "Make sure you're out of sight and try to blend in with your surroundings",
            "entities": [],
            "traits": [],
            "intent": "Guard_BY2_5"
        },
        {
            "text": "Move to the back of the room and hide between the stove and fryer.",
            "entities": [],
            "traits": [],
            "intent": "Guard_BY1_14"
        },
        {
            "text": "Now it's your turn to hide. Head towards that Sushi stall and hide yourself.",
            "entities": [],
            "traits": [],
            "intent": "Guard_BY2_1"
        },
        {
            "text": "Oh come on lady Can't you see there's a shooting What do you expect to do inside",
            "entities": [],
            "traits": [],
            "intent": "Guard_Insis_1"
        },
        {
            "text": "Once you are out, do you have someone who can assist you? You might need their help.",
            "entities": [],
            "traits": [],
            "intent": "Guard_Victim2_8"
        },
        {
            "text": "Please tell me what happened from your perspective. I'm here to understand and help.",
            "entities": [],
            "traits": [],
            "intent": "Guard_Man_Dialouge3"
        },
        {
            "text": "Please trust me. I want to resolve this as much as you do.",
            "entities": [],
            "traits": [],
            "intent": "Guard_Man_Dialouge8"
        },
        {
            "text": "Put pressure on that wound. It's just a leg, you will live.",
            "entities": [],
            "traits": [],
            "intent": "Guard_Victim2_5"
        },
        {
            "text": "Quickly and quietly find a spot to hide where you can't be seen. Avoid any movement",
            "entities": [],
            "traits": [],
            "intent": "Guard_BY1_10"
        },
        {
            "text": "Raising your voice won't change the situation Let's talk.",
            "entities": [],
            "traits": [],
            "intent": "Guard_Man_Dialouge6"
        },
        {
            "text": "Silence is our best protection now. Let's communicate with gestures or whispers if absolutely needed.",
            "entities": [],
            "traits": [],
            "intent": "Guard_BY2_2"
        },
        {
            "text": "Sir, stop crawling, I'm a Security Officer. Let me help you sit up and allow me to examine that wound.",
            "entities": [],
            "traits": [],
            "intent": "Guard_Victim2_2"
        },
        {
            "text": "Someone will be here to take a look at that arm of yours. Stay here in the meantime.",
            "entities": [],
            "traits": [],
            "intent": "Guard_Victim1_6"
        },
        {
            "text": "Stay calm, we're going to get through this. I need you to trust me and follow my lead.",
            "entities": [],
            "traits": [],
            "intent": "Guard_BY1_1"
        },
        {
            "text": "Stay calm. You're in a safe place with me now.",
            "entities": [],
            "traits": [],
            "intent": "Guard_Victim3_4"
        },
        {
            "text": "Stay inside until I tell you when it's safe to go out.",
            "entities": [],
            "traits": [],
            "intent": "Guard_BY1_16"
        },
        {
            "text": "Stay still and be quiet. Help is on the way.",
            "entities": [],
            "traits": [],
            "intent": "Guard_BY2_8"
        },
        {
            "text": "Stay strong, we have a plan. What's your biggest concern at this moment?",
            "entities": [],
            "traits": [],
            "intent": "Guard_Bystander_4"
        },
        {
            "text": "Stop bothering this poor woman and deal with me instead",
            "entities": [],
            "traits": [],
            "intent": "Guard_Man_Dialouge12"
        },
        {
            "text": "Stop panicking. Just follow my lead, okay?",
            "entities": [],
            "traits": [],
            "intent": "Guard_Bystander_7"
        },
        {
            "text": "Stop running and talk to me first. What did you see?",
            "entities": [],
            "traits": [],
            "intent": "Guard_Victim3_5"
        },
        {
            "text": "Sure. I will immediately coordinate with the Control Center and have them assign our CCTV operator to assist you. We have also secured the crime scene and have cordoned off the surrounding areas for your investigation.",
            "entities": [],
            "traits": [],
            "intent": "Guard_Law_4"
        },
        {
            "text": "Take slow, deep breaths. I'm with you, and together we'll stay calm and focused on staying safe",
            "entities": [],
            "traits": [],
            "intent": "Guard_BY2_7"
        },
        {
            "text": "Take slow, deep breaths. I'm with you, and together we'll stay calm and focused on staying safe.",
            "entities": [],
            "traits": [],
            "intent": "Guard_BY2_7"
        },
        {
            "text": "Talk about it, that's a waste of time. You'll forget about it in a day or two",
            "entities": [],
            "traits": [],
            "intent": "Guard_Victim2_18"
        },
        {
            "text": "That stall over there is safe for concealment Do you think you can reach it",
            "entities": [],
            "traits": [],
            "intent": "Guard_BY2_3"
        },
        {
            "text": "The food stall makes for an effective hiding spot; it will keep you hidden from the shooter if they happen to approach and survey the area.",
            "entities": [],
            "traits": [],
            "intent": "Guard_BY1_12"
        },
        {
            "text": "The more information we gather now the better we can assist law enforcement Did you notice anything specific about the shooter's appearance or actions?",
            "entities": [],
            "traits": [],
            "intent": "Guard_Flee_5"
        },
        {
            "text": "The professionals are handling the situation as best as they can.",
            "entities": [],
            "traits": [],
            "intent": "Guard_Insis_4"
        },
        {
            "text": "The situation is under control. The shooter has been neutralized. Can you tell me if you witnessed anything specific?",
            "entities": [],
            "traits": [],
            "intent": "Guard_Victim3_6"
        },
        {
            "text": "There is a safe hiding spot in that food stall. Head over and take cover there.",
            "entities": [],
            "traits": [],
            "intent": "Guard_BY1_11"
        },
        {
            "text": "There were several casualties all over. We have been waiting for you to arrive. Where have you been?",
            "entities": [],
            "traits": [],
            "intent": "Guard_Law_2"
        },
        {
            "text": "This looks bad, but you'll walk again, I'm sure",
            "entities": [],
            "traits": [],
            "intent": "Guard_Victim2_9"
        },
        {
            "text": "Tough break. You saw the whole shooting thing, Well you know, these things happen. You just gotta toughen up, you know? Shake it off.",
            "entities": [],
            "traits": [],
            "intent": "Guard_Victim2_13"
        },
        {
            "text": "Try not to worry, we'll get you fixed up in no time.",
            "entities": [],
            "traits": [],
            "intent": "Guard_Victim2_8"
        },
        {
            "text": "Try to remain calm and think clearly. We need to act smartly right now.",
            "entities": [],
            "traits": [],
            "intent": "Guard_BY1_16"
        },
        {
            "text": "Under the food display counter, there's a space where you can hide. Just remember to be discreet and quiet while you're there.",
            "entities": [],
            "traits": [],
            "intent": "Guard_BY2_5"
        },
        {
            "text": "Wait here while I go help other people with more severe injuries.",
            "entities": [],
            "traits": [],
            "intent": "Guard_Victim2_4"
        },
        {
            "text": "We all have bad days, but it's essential to manage our reactions, especially in public places. Do you want to talk about what's bothering you?",
            "entities": [],
            "traits": [],
            "intent": "Guard_Women_Dialouge5"
        },
        {
            "text": "We can resolve this without further issue. What do you need to calm this down",
            "entities": [],
            "traits": [],
            "intent": "Guard_Man_Dialouge14"
        },
        {
            "text": "We have secured the scene and made sure that there are no more ongoing threats. Law enforcement and medical personnel are entering through the designated access points.",
            "entities": [],
            "traits": [],
            "intent": "Guard_Law_3"
        },
        {
            "text": "We have triaged the area and have reported them to you over the radio.",
            "entities": [],
            "traits": [],
            "intent": "Guard_Law_1"
        },
        {
            "text": "We need to stay calm and quiet. Just focus on my instructions and we'll manage through this.",
            "entities": [],
            "traits": [],
            "intent": "Guard_BY2_8"
        },
        {
            "text": "We're dealing with a lot right now. Just go to the exit. Someone will assist you there.",
            "entities": [],
            "traits": [],
            "intent": "Guard_Victim1_8"
        },
        {
            "text": "What's that on your leg Stay away from me",
            "entities": [],
            "traits": [],
            "intent": "Guard_Victim2_3"
        },
        {
            "text": "What's the rush Why are you running",
            "entities": [],
            "traits": [],
            "intent": "Guard_Victim3_1"
        },
        {
            "text": "When I say now, we need to quickly move to the door on your left. Are you ready?",
            "entities": [],
            "traits": [],
            "intent": "Guard_Bystander_11"
        },
        {
            "text": "When you see the shooter heading your way, just run towards the exit door.",
            "entities": [],
            "traits": [],
            "intent": "Guard_BY1_18"
        },
        {
            "text": "Where is everybody else",
            "entities": [],
            "traits": [],
            "intent": "Where_is_everybody_else"
        },
        {
            "text": "Where is that guy",
            "entities": [],
            "traits": [],
            "intent": "Where_is_that_guy"
        },
        {
            "text": "Where is the shooter",
            "entities": [],
            "traits": [],
            "intent": "Where_is_the_shooter"
        },
        {
            "text": "Why are you standing here?",
            "entities": [],
            "traits": [],
            "intent": "Guard_Victim1_1"
        },
        {
            "text": "Why bother with a map? I know this place like the back of my hand. Just follow my lead.",
            "entities": [],
            "traits": [],
            "intent": "Guard_Law_7"
        },
        {
            "text": "Would you like to leave because you feel unsafe here?",
            "entities": [],
            "traits": [],
            "intent": "Guard_Flee_2"
        },
        {
            "text": "You are being very brave. Let's check your physical well-being first, then we can discuss how you are feeling.",
            "entities": [],
            "traits": [],
            "intent": "Guard_Victim1_5"
        },
        {
            "text": "You are doing great. Help is on its way.",
            "entities": [],
            "traits": [],
            "intent": "Guard_Victim1_5"
        },
        {
            "text": "You can just head to our control room. Someone is there to assist you.",
            "entities": [],
            "traits": [],
            "intent": "Guard_Law_5"
        },
        {
            "text": "You can leave if you want, but are you sure you're not hurt?",
            "entities": [],
            "traits": [],
            "intent": "Guard_Flee_3"
        },
        {
            "text": "You can talk, but just keep it down.",
            "entities": [],
            "traits": [],
            "intent": "Guard_BY2_3"
        },
        {
            "text": "You can't go in there; it's too dangerous right now.",
            "entities": [],
            "traits": [],
            "intent": "Guard_Insis_3"
        },
        {
            "text": "You don't have to figure it all out right now. It's alright not to be okay. Have you seen one of the medics around here? They are good at this stuff.",
            "entities": [],
            "traits": [],
            "intent": "Guard_Victim2_14"
        },
        {
            "text": "You don't need to be here Get out now.",
            "entities": [],
            "traits": [],
            "intent": "Guard_Bystander_3"
        },
        {
            "text": "You have to stay quiet and hidden until help arrives.",
            "entities": [],
            "traits": [],
            "intent": "Guard_BY1_9"
        },
        {
            "text": "You look fine to me",
            "entities": [],
            "traits": [],
            "intent": "Guard_Victim1_6"
        },
        {
            "text": "You look fine to me.",
            "entities": [],
            "traits": [],
            "intent": "Guard_Victim1_5"
        },
        {
            "text": "You need to move to the other food stall.",
            "entities": [],
            "traits": [],
            "intent": "Guard_BY2_2"
        },
        {
            "text": "You seem calm. Are you feeling okay?",
            "entities": [],
            "traits": [],
            "intent": "Guard_Victim3_1"
        },
        {
            "text": "You should stay put until help arrives.",
            "entities": [],
            "traits": [],
            "intent": "Guard_Victim3_9"
        },
        {
            "text": "You stop They want you at the assembly area for the cops What did you see during the shooting",
            "entities": [],
            "traits": [],
            "intent": "Guard_Flee_3"
        },
        {
            "text": "You two stay put here; I'm going to look around. We don't want to attract attention by moving.",
            "entities": [],
            "traits": [],
            "intent": "Guard_BY1_4"
        },
        {
            "text": "You won't need a map, I can guide you through it.",
            "entities": [],
            "traits": [],
            "intent": "Guard_Law_9"
        },
        {
            "text": "You'll have to move back. This area is off-limits.",
            "entities": [],
            "traits": [],
            "intent": "Guard_Insis_7"
        },
        {
            "text": "You're doing great. Help is on the way.",
            "entities": [],
            "traits": [],
            "intent": "Guard_Victim3_5"
        },
        {
            "text": "Your concerns are important. If we step aside, I promise they'll be addressed properly.",
            "entities": [],
            "traits": [],
            "intent": "Guard_Man_Dialouge9"
        },
        {
            "text": "Your safety is my priority. Please stay here where I can ensure you are safe.",
            "entities": [],
            "traits": [],
            "intent": "Guard_Flee_1"
        },
        {
            "text": "Your safety is my top concern. Let's move to a quiet area where we can talk without interruption.",
            "entities": [],
            "traits": [],
            "intent": "Guard_Man_Dialouge5"
        },
        {
            "text": "Your safety is our top priority. It would be best for you to wait outside while we handle this situation.",
            "entities": [],
            "traits": [],
            "intent": "Guard_Bystander_1"
        },
        {
            "text": "continuing this way won't help lets find another way.",
            "entities": [],
            "traits": [],
            "intent": "Guard_Man_Dialouge7"
        },
        {
            "text": "how are you going",
            "entities": [],
            "traits": [],
            "intent": "how_are_you_going"
        }
    ]
}
