{
    "name": "ChessBoardLetter",
    "roles": [
        "ChessBoardLetter"
    ],
    "lookups": [
        "free-text",
        "keywords"
    ],
    "keywords": [
        {
            "keyword": "A",
            "synonyms": []
        },
        {
            "keyword": "B",
            "synonyms": []
        },
        {
            "keyword": "C",
            "synonyms": []
        },
        {
            "keyword": "D",
            "synonyms": []
        },
        {
            "keyword": "E",
            "synonyms": []
        },
        {
            "keyword": "F",
            "synonyms": []
        },
        {
            "keyword": "G",
            "synonyms": []
        },
        {
            "keyword": "H",
            "synonyms": []
        }
    ]
}
