{
    "name": "ColorName",
    "roles": [
        "ColorName"
    ],
    "lookups": [
        "free-text",
        "keywords"
    ],
    "keywords": [
        {
            "keyword": "black",
            "synonyms": []
        },
        {
            "keyword": "blue",
            "synonyms": []
        },
        {
            "keyword": "brown",
            "synonyms": []
        },
        {
            "keyword": "gold",
            "synonyms": []
        },
        {
            "keyword": "green",
            "synonyms": []
        },
        {
            "keyword": "magenta",
            "synonyms": []
        },
        {
            "keyword": "maroon",
            "synonyms": []
        },
        {
            "keyword": "orange",
            "synonyms": []
        },
        {
            "keyword": "pink",
            "synonyms": []
        },
        {
            "keyword": "purple",
            "synonyms": []
        },
        {
            "keyword": "red",
            "synonyms": []
        },
        {
            "keyword": "violet",
            "synonyms": []
        },
        {
            "keyword": "white",
            "synonyms": []
        },
        {
            "keyword": "yellow",
            "synonyms": []
        }
    ]
}
